<?xml version="1.0" encoding="UTF-8"?><record_update sys_domain="global" table="sys_script_client">
    <sys_script_client action="DELETE">
        <active>true</active>
        <applies_extended>false</applies_extended>
        <condition/>
        <description/>
        <field/>
        <global>true</global>
        <isolate_script>true</isolate_script>
        <messages/>
        <name>onLoad - Do something</name>
        <order/>
        <script><![CDATA[function onLoad() {
   //Type appropriate comment here, and begin script below
   
}]]></script>
        <sys_class_name>sys_script_client</sys_class_name>
        <sys_created_by>admin</sys_created_by>
        <sys_created_on>2024-03-14 14:33:35</sys_created_on>
        <sys_domain>global</sys_domain>
        <sys_domain_path>/</sys_domain_path>
        <sys_id>aa80eabf47f8421029cb5ac5316d43fb</sys_id>
        <sys_mod_count>0</sys_mod_count>
        <sys_name>onLoad - Do something</sys_name>
        <sys_overrides/>
        <sys_package display_value="SDK Sandbox" source="x_648117_sdk">ddaf132f47b8021029cb5ac5316d4336</sys_package>
        <sys_policy/>
        <sys_scope display_value="SDK Sandbox">ddaf132f47b8021029cb5ac5316d4336</sys_scope>
        <sys_update_name>sys_script_client_aa80eabf47f8421029cb5ac5316d43fb</sys_update_name>
        <sys_updated_by>admin</sys_updated_by>
        <sys_updated_on>2024-03-14 14:33:35</sys_updated_on>
        <table>x_648117_sdk_to_do</table>
        <type>onLoad</type>
        <ui_type>0</ui_type>
        <view/>
    </sys_script_client>
    <sys_update_version action="INSERT_OR_UPDATE">
        <action>DELETE</action>
        <application display_value="SDK Sandbox">ddaf132f47b8021029cb5ac5316d4336</application>
        <file_path/>
        <instance_id>300ee696db56bd9092f5684e1396199d</instance_id>
        <instance_name>dev206138</instance_name>
        <name>sys_script_client_aa80eabf47f8421029cb5ac5316d43fb</name>
        <payload>&lt;?xml version="1.0" encoding="UTF-8"?&gt;&lt;record_update sys_domain="global" table="sys_script_client"&gt;&lt;sys_script_client action="INSERT_OR_UPDATE"&gt;&lt;active&gt;true&lt;/active&gt;&lt;applies_extended&gt;false&lt;/applies_extended&gt;&lt;condition/&gt;&lt;description/&gt;&lt;field/&gt;&lt;global&gt;true&lt;/global&gt;&lt;isolate_script&gt;true&lt;/isolate_script&gt;&lt;messages/&gt;&lt;name&gt;onLoad - Do something&lt;/name&gt;&lt;order/&gt;&lt;script&gt;&lt;![CDATA[function onLoad() {
   //Type appropriate comment here, and begin script below
   
}]]&gt;&lt;/script&gt;&lt;sys_class_name&gt;sys_script_client&lt;/sys_class_name&gt;&lt;sys_created_by&gt;admin&lt;/sys_created_by&gt;&lt;sys_created_on&gt;2024-03-14 14:33:35&lt;/sys_created_on&gt;&lt;sys_domain&gt;global&lt;/sys_domain&gt;&lt;sys_domain_path&gt;/&lt;/sys_domain_path&gt;&lt;sys_id&gt;aa80eabf47f8421029cb5ac5316d43fb&lt;/sys_id&gt;&lt;sys_mod_count&gt;0&lt;/sys_mod_count&gt;&lt;sys_name&gt;onLoad - Do something&lt;/sys_name&gt;&lt;sys_overrides/&gt;&lt;sys_package display_value="SDK Sandbox" source="x_648117_sdk"&gt;ddaf132f47b8021029cb5ac5316d4336&lt;/sys_package&gt;&lt;sys_policy/&gt;&lt;sys_scope display_value="SDK Sandbox"&gt;ddaf132f47b8021029cb5ac5316d4336&lt;/sys_scope&gt;&lt;sys_update_name&gt;sys_script_client_aa80eabf47f8421029cb5ac5316d43fb&lt;/sys_update_name&gt;&lt;sys_updated_by&gt;admin&lt;/sys_updated_by&gt;&lt;sys_updated_on&gt;2024-03-14 14:33:35&lt;/sys_updated_on&gt;&lt;table&gt;x_648117_sdk_to_do&lt;/table&gt;&lt;type&gt;onLoad&lt;/type&gt;&lt;ui_type&gt;0&lt;/ui_type&gt;&lt;view/&gt;&lt;/sys_script_client&gt;&lt;/record_update&gt;</payload>
        <payload_hash>-125399011</payload_hash>
        <record_name>onLoad - Do something</record_name>
        <reverted_from/>
        <source>95af132f47b8021029cb5ac5316d4339</source>
        <source_table>sys_update_set</source_table>
        <state>previous</state>
        <sys_created_by>admin</sys_created_by>
        <sys_created_on>2024-03-14 14:33:35</sys_created_on>
        <sys_id>91906ebf47f8421029cb5ac5316d4335</sys_id>
        <sys_mod_count>0</sys_mod_count>
        <sys_recorded_at>18e3d61fd390000001</sys_recorded_at>
        <sys_updated_by>admin</sys_updated_by>
        <sys_updated_on>2024-03-14 14:33:35</sys_updated_on>
        <type>Client Script</type>
        <update_guid>55906ebfa4f84210b82485a6af9ae534</update_guid>
        <update_guid_history>55906ebfa4f84210b82485a6af9ae534:-125399011</update_guid_history>
    </sys_update_version>
    <sys_metadata_delete action="INSERT_OR_UPDATE">
        <sys_audit_delete/>
        <sys_class_name>sys_metadata_delete</sys_class_name>
        <sys_created_by>admin</sys_created_by>
        <sys_created_on>2024-03-14 14:35:38</sys_created_on>
        <sys_db_object display_value="" name="sys_script_client">sys_script_client</sys_db_object>
        <sys_id>0f8f207168b54a7b9e89ce296d275d81</sys_id>
        <sys_metadata>aa80eabf47f8421029cb5ac5316d43fb</sys_metadata>
        <sys_mod_count>0</sys_mod_count>
        <sys_name>onLoad - Do something</sys_name>
        <sys_package display_value="SDK Sandbox" source="x_648117_sdk">ddaf132f47b8021029cb5ac5316d4336</sys_package>
        <sys_parent display_value="Sdk To Do">ffaf9feb47b8021029cb5ac5316d43c1</sys_parent>
        <sys_policy/>
        <sys_scope display_value="SDK Sandbox">ddaf132f47b8021029cb5ac5316d4336</sys_scope>
        <sys_scope_delete display_value="">127801325523490e9d0c557bfac3c4c4</sys_scope_delete>
        <sys_update_name>sys_script_client_aa80eabf47f8421029cb5ac5316d43fb</sys_update_name>
        <sys_update_version display_value="sys_script_client_aa80eabf47f8421029cb5ac5316d43fb">91906ebf47f8421029cb5ac5316d4335</sys_update_version>
        <sys_updated_by>admin</sys_updated_by>
        <sys_updated_on>2024-03-14 14:35:38</sys_updated_on>
    </sys_metadata_delete>
</record_update>
