<?xml version="1.0" encoding="UTF-8"?><record_update sys_domain="global" table="sys_script">
    <sys_script action="DELETE">
        <abort_action>false</abort_action>
        <access>package_private</access>
        <action_delete>false</action_delete>
        <action_insert>true</action_insert>
        <action_query>false</action_query>
        <action_update>true</action_update>
        <active>true</active>
        <add_message>true</add_message>
        <advanced>false</advanced>
        <change_fields>false</change_fields>
        <client_callable>false</client_callable>
        <collection>incident</collection>
        <condition/>
        <description/>
        <execute_function>false</execute_function>
        <filter_condition table="incident">assigned_toISEMPTY^EQ<item endquery="false" field="assigned_to" goto="false" newquery="false" operator="ISEMPTY" or="false" value=""/>
            <item endquery="true" field="" goto="false" newquery="false" operator="=" or="false" value=""/>
        </filter_condition>
        <is_rest>false</is_rest>
        <message><![CDATA[<p>Updating!</p>]]></message>
        <name>Making more changes in the instance</name>
        <order>100</order>
        <priority>100</priority>
        <rest_method/>
        <rest_method_text/>
        <rest_service/>
        <rest_service_text/>
        <rest_variables/>
        <role_conditions/>
        <script><![CDATA[(function executeRule(current, previous /*null when async*/) {

	// Add your code here

})(current, previous);]]></script>
        <sys_class_name>sys_script</sys_class_name>
        <sys_created_by>admin</sys_created_by>
        <sys_created_on>2024-03-14 13:10:44</sys_created_on>
        <sys_domain>global</sys_domain>
        <sys_domain_path>/</sys_domain_path>
        <sys_id>557d02f347b8421029cb5ac5316d430f</sys_id>
        <sys_mod_count>2</sys_mod_count>
        <sys_name>Making more changes in the instance</sys_name>
        <sys_overrides/>
        <sys_package display_value="SDK Sandbox" source="x_648117_sdk">ddaf132f47b8021029cb5ac5316d4336</sys_package>
        <sys_policy/>
        <sys_scope display_value="SDK Sandbox">ddaf132f47b8021029cb5ac5316d4336</sys_scope>
        <sys_update_name>sys_script_557d02f347b8421029cb5ac5316d430f</sys_update_name>
        <sys_updated_by>admin</sys_updated_by>
        <sys_updated_on>2024-03-14 13:14:07</sys_updated_on>
        <template>assigned_to=6816f79cc0a8016401c5a33be04be441^EQ</template>
        <when>before</when>
    </sys_script>
    <sys_translated_text action="DELETE" query="documentkey=557d02f347b8421029cb5ac5316d430f"/>
    <sys_update_version action="INSERT_OR_UPDATE">
        <action>DELETE</action>
        <application display_value="SDK Sandbox">ddaf132f47b8021029cb5ac5316d4336</application>
        <file_path/>
        <instance_id>300ee696db56bd9092f5684e1396199d</instance_id>
        <instance_name>dev206138</instance_name>
        <name>sys_script_557d02f347b8421029cb5ac5316d430f</name>
        <payload>&lt;?xml version="1.0" encoding="UTF-8"?&gt;&lt;record_update sys_domain="global" table="sys_script"&gt;&lt;sys_script action="INSERT_OR_UPDATE"&gt;&lt;abort_action&gt;false&lt;/abort_action&gt;&lt;access&gt;package_private&lt;/access&gt;&lt;action_delete&gt;false&lt;/action_delete&gt;&lt;action_insert&gt;true&lt;/action_insert&gt;&lt;action_query&gt;false&lt;/action_query&gt;&lt;action_update&gt;true&lt;/action_update&gt;&lt;active&gt;true&lt;/active&gt;&lt;add_message&gt;true&lt;/add_message&gt;&lt;advanced&gt;false&lt;/advanced&gt;&lt;change_fields&gt;false&lt;/change_fields&gt;&lt;client_callable&gt;false&lt;/client_callable&gt;&lt;collection&gt;incident&lt;/collection&gt;&lt;condition/&gt;&lt;description/&gt;&lt;execute_function&gt;false&lt;/execute_function&gt;&lt;filter_condition table="incident"&gt;assigned_toISEMPTY^EQ&lt;item endquery="false" field="assigned_to" goto="false" newquery="false" operator="ISEMPTY" or="false" value=""/&gt;&lt;item endquery="true" field="" goto="false" newquery="false" operator="=" or="false" value=""/&gt;&lt;/filter_condition&gt;&lt;is_rest&gt;false&lt;/is_rest&gt;&lt;message&gt;&lt;![CDATA[&lt;p&gt;Updating!&lt;/p&gt;]]&gt;&lt;/message&gt;&lt;name&gt;Making more changes in the instance&lt;/name&gt;&lt;order&gt;100&lt;/order&gt;&lt;priority&gt;100&lt;/priority&gt;&lt;rest_method/&gt;&lt;rest_method_text/&gt;&lt;rest_service/&gt;&lt;rest_service_text/&gt;&lt;rest_variables/&gt;&lt;role_conditions/&gt;&lt;script&gt;&lt;![CDATA[(function executeRule(current, previous /*null when async*/) {

	// Add your code here

})(current, previous);]]&gt;&lt;/script&gt;&lt;sys_class_name&gt;sys_script&lt;/sys_class_name&gt;&lt;sys_created_by&gt;admin&lt;/sys_created_by&gt;&lt;sys_created_on&gt;2024-03-14 13:10:44&lt;/sys_created_on&gt;&lt;sys_domain&gt;global&lt;/sys_domain&gt;&lt;sys_domain_path&gt;/&lt;/sys_domain_path&gt;&lt;sys_id&gt;557d02f347b8421029cb5ac5316d430f&lt;/sys_id&gt;&lt;sys_mod_count&gt;2&lt;/sys_mod_count&gt;&lt;sys_name&gt;Making more changes in the instance&lt;/sys_name&gt;&lt;sys_overrides/&gt;&lt;sys_package display_value="SDK Sandbox" source="x_648117_sdk"&gt;ddaf132f47b8021029cb5ac5316d4336&lt;/sys_package&gt;&lt;sys_policy/&gt;&lt;sys_scope display_value="SDK Sandbox"&gt;ddaf132f47b8021029cb5ac5316d4336&lt;/sys_scope&gt;&lt;sys_update_name&gt;sys_script_557d02f347b8421029cb5ac5316d430f&lt;/sys_update_name&gt;&lt;sys_updated_by&gt;admin&lt;/sys_updated_by&gt;&lt;sys_updated_on&gt;2024-03-14 13:14:07&lt;/sys_updated_on&gt;&lt;template&gt;assigned_to=6816f79cc0a8016401c5a33be04be441^EQ&lt;/template&gt;&lt;when&gt;before&lt;/when&gt;&lt;/sys_script&gt;&lt;sys_translated_text action="delete_multiple" query="documentkey=557d02f347b8421029cb5ac5316d430f"/&gt;&lt;/record_update&gt;</payload>
        <payload_hash>443226778</payload_hash>
        <record_name>Making more changes in the instance</record_name>
        <reverted_from/>
        <source>95af132f47b8021029cb5ac5316d4339</source>
        <source_table>sys_update_set</source_table>
        <state>previous</state>
        <sys_created_by>admin</sys_created_by>
        <sys_created_on>2024-03-14 13:14:07</sys_created_on>
        <sys_id>916e823747b8421029cb5ac5316d4384</sys_id>
        <sys_mod_count>0</sys_mod_count>
        <sys_recorded_at>18e3d193a7a0000001</sys_recorded_at>
        <sys_updated_by>admin</sys_updated_by>
        <sys_updated_on>2024-03-14 13:14:07</sys_updated_on>
        <type>Business Rule</type>
        <update_guid>d16e8237ecb84210dd5561096520d183</update_guid>
        <update_guid_history>d16e8237ecb84210dd5561096520d183:443226778,29dd06f343b84210fd2f8b74533911bd:1480720688,fb9dcebf32b44210c47f7bf1b1b06039:1701351475</update_guid_history>
    </sys_update_version>
    <sys_metadata_delete action="INSERT_OR_UPDATE">
        <sys_audit_delete/>
        <sys_class_name>sys_metadata_delete</sys_class_name>
        <sys_created_by>admin</sys_created_by>
        <sys_created_on>2024-03-14 13:18:39</sys_created_on>
        <sys_db_object display_value="" name="sys_script">sys_script</sys_db_object>
        <sys_id>b0936656f8d6416396dfe3310c0ab841</sys_id>
        <sys_metadata>557d02f347b8421029cb5ac5316d430f</sys_metadata>
        <sys_mod_count>0</sys_mod_count>
        <sys_name>Making more changes in the instance</sys_name>
        <sys_package display_value="SDK Sandbox" source="x_648117_sdk">ddaf132f47b8021029cb5ac5316d4336</sys_package>
        <sys_parent display_value="Incident">de3e0c68d9b13110cedf7dffddb48fd6</sys_parent>
        <sys_policy/>
        <sys_scope display_value="SDK Sandbox">ddaf132f47b8021029cb5ac5316d4336</sys_scope>
        <sys_scope_delete display_value="">127801325523490e9d0c557bfac3c4c4</sys_scope_delete>
        <sys_update_name>sys_script_557d02f347b8421029cb5ac5316d430f</sys_update_name>
        <sys_update_version display_value="sys_script_557d02f347b8421029cb5ac5316d430f">916e823747b8421029cb5ac5316d4384</sys_update_version>
        <sys_updated_by>admin</sys_updated_by>
        <sys_updated_on>2024-03-14 13:18:39</sys_updated_on>
    </sys_metadata_delete>
</record_update>
