<?xml version="1.0" encoding="UTF-8"?><record_update sys_domain="global" table="sys_script">
    <sys_script action="DELETE">
        <abort_action>false</abort_action>
        <access>package_private</access>
        <action_delete>false</action_delete>
        <action_insert>true</action_insert>
        <action_query>false</action_query>
        <action_update>false</action_update>
        <active>false</active>
        <add_message>true</add_message>
        <advanced>false</advanced>
        <change_fields>false</change_fields>
        <client_callable>false</client_callable>
        <collection>x_648117_sdk_to_do</collection>
        <condition/>
        <description/>
        <execute_function>false</execute_function>
        <filter_condition/>
        <is_rest>false</is_rest>
        <message><![CDATA[<p>Record created</p>]]></message>
        <name>Platform BR - Script</name>
        <order>100</order>
        <priority>100</priority>
        <rest_method/>
        <rest_method_text/>
        <rest_service/>
        <rest_service_text/>
        <rest_variables/>
        <role_conditions/>
        <script><![CDATA[(function executeRule(current, previous /*null when async*/) {

	// Add your code here

})(current, previous);]]></script>
        <sys_class_name>sys_script</sys_class_name>
        <sys_created_by>admin</sys_created_by>
        <sys_created_on>2024-03-14 13:33:40</sys_created_on>
        <sys_domain>global</sys_domain>
        <sys_domain_path>/</sys_domain_path>
        <sys_id>5ec25afb47b8421029cb5ac5316d43df</sys_id>
        <sys_mod_count>0</sys_mod_count>
        <sys_name>Platform BR</sys_name>
        <sys_overrides/>
        <sys_package display_value="SDK Sandbox" source="x_648117_sdk">ddaf132f47b8021029cb5ac5316d4336</sys_package>
        <sys_policy/>
        <sys_scope display_value="SDK Sandbox">ddaf132f47b8021029cb5ac5316d4336</sys_scope>
        <sys_update_name>sys_script_5ec25afb47b8421029cb5ac5316d43df</sys_update_name>
        <sys_updated_by>admin</sys_updated_by>
        <sys_updated_on>2024-03-14 13:33:40</sys_updated_on>
        <template/>
        <when>before</when>
    </sys_script>
    <sys_translated_text action="DELETE" query="documentkey=5ec25afb47b8421029cb5ac5316d43df"/>
<sys_update_version action="INSERT_OR_UPDATE">
        <action>DELETE</action>
        <application display_value="SDK Sandbox">ddaf132f47b8021029cb5ac5316d4336</application>
        <file_path/>
        <instance_id>300ee696db56bd9092f5684e1396199d</instance_id>
        <instance_name>dev206138</instance_name>
        <name>sys_script_5ec25afb47b8421029cb5ac5316d43df</name>
        <payload>&lt;?xml version="1.0" encoding="UTF-8"?&gt;&lt;record_update sys_domain="global" table="sys_script"&gt;
    &lt;sys_script action="INSERT_OR_UPDATE"&gt;
        &lt;abort_action&gt;false&lt;/abort_action&gt;
        &lt;access&gt;package_private&lt;/access&gt;
        &lt;action_delete&gt;false&lt;/action_delete&gt;
        &lt;action_insert&gt;true&lt;/action_insert&gt;
        &lt;action_query&gt;false&lt;/action_query&gt;
        &lt;action_update&gt;false&lt;/action_update&gt;
        &lt;active&gt;false&lt;/active&gt;
        &lt;add_message&gt;true&lt;/add_message&gt;
        &lt;advanced&gt;false&lt;/advanced&gt;
        &lt;change_fields&gt;false&lt;/change_fields&gt;
        &lt;client_callable&gt;false&lt;/client_callable&gt;
        &lt;collection&gt;x_648117_sdk_to_do&lt;/collection&gt;
        &lt;condition/&gt;
        &lt;description/&gt;
        &lt;execute_function&gt;false&lt;/execute_function&gt;
        &lt;filter_condition/&gt;
        &lt;is_rest&gt;false&lt;/is_rest&gt;
        &lt;message&gt;&lt;![CDATA[&lt;p&gt;Record created&lt;/p&gt;]]&gt;&lt;/message&gt;
        &lt;name&gt;Platform BR - Script&lt;/name&gt;
        &lt;order&gt;100&lt;/order&gt;
        &lt;priority&gt;100&lt;/priority&gt;
        &lt;rest_method/&gt;
        &lt;rest_method_text/&gt;
        &lt;rest_service/&gt;
        &lt;rest_service_text/&gt;
        &lt;rest_variables/&gt;
        &lt;role_conditions/&gt;
        &lt;script&gt;&lt;![CDATA[(function executeRule(current, previous /*null when async*/) {

	// Add your code here

})(current, previous);]]&gt;&lt;/script&gt;
        &lt;sys_class_name&gt;sys_script&lt;/sys_class_name&gt;
        &lt;sys_created_by&gt;admin&lt;/sys_created_by&gt;
        &lt;sys_created_on&gt;2024-03-14 13:33:40&lt;/sys_created_on&gt;
        &lt;sys_domain&gt;global&lt;/sys_domain&gt;
        &lt;sys_domain_path&gt;/&lt;/sys_domain_path&gt;
        &lt;sys_id&gt;5ec25afb47b8421029cb5ac5316d43df&lt;/sys_id&gt;
        &lt;sys_mod_count&gt;0&lt;/sys_mod_count&gt;
        &lt;sys_name&gt;Platform BR&lt;/sys_name&gt;
        &lt;sys_overrides/&gt;
        &lt;sys_package display_value="SDK Sandbox" source="x_648117_sdk"&gt;ddaf132f47b8021029cb5ac5316d4336&lt;/sys_package&gt;
        &lt;sys_policy/&gt;
        &lt;sys_scope display_value="SDK Sandbox"&gt;ddaf132f47b8021029cb5ac5316d4336&lt;/sys_scope&gt;
        &lt;sys_update_name&gt;sys_script_5ec25afb47b8421029cb5ac5316d43df&lt;/sys_update_name&gt;
        &lt;sys_updated_by&gt;admin&lt;/sys_updated_by&gt;
        &lt;sys_updated_on&gt;2024-03-14 13:33:40&lt;/sys_updated_on&gt;
        &lt;template/&gt;
        &lt;when&gt;before&lt;/when&gt;
    &lt;/sys_script&gt;
    &lt;sys_translated_text action="delete_multiple" query="documentkey=5ec25afb47b8421029cb5ac5316d43df"/&gt;
&lt;/record_update&gt;</payload>
        <payload_hash>519518431</payload_hash>
        <record_name>Platform BR - Script</record_name>
        <reverted_from/>
        <source/>
        <source_table>sys_upgrade_history</source_table>
        <state>previous</state>
        <sys_created_by>admin</sys_created_by>
        <sys_created_on>2024-03-14 16:52:52</sys_created_on>
        <sys_id>2d7007bf47bc421029cb5ac5316d43f1</sys_id>
        <sys_mod_count>0</sys_mod_count>
        <sys_recorded_at>18e3de181230000001</sys_recorded_at>
        <sys_updated_by>admin</sys_updated_by>
        <sys_updated_on>2024-03-14 16:52:52</sys_updated_on>
        <type>Business Rule</type>
        <update_guid>e97007bf96bc42109df546e5d1b1a2f1</update_guid>
        <update_guid_history>e7b3da3f17b8421079273037f44c8382:-1497375834,23d29afb84b842100b9a8a447ba953c8:1770162198</update_guid_history>
    </sys_update_version>
    <sys_metadata_delete action="INSERT_OR_UPDATE">
        <sys_audit_delete/>
        <sys_class_name>sys_metadata_delete</sys_class_name>
        <sys_created_by>admin</sys_created_by>
        <sys_created_on>2024-03-14 16:58:00</sys_created_on>
        <sys_db_object display_value="" name="sys_script">sys_script</sys_db_object>
        <sys_id>026172a326a9430283f62d05eb107df1</sys_id>
        <sys_metadata>5ec25afb47b8421029cb5ac5316d43df</sys_metadata>
        <sys_mod_count>0</sys_mod_count>
        <sys_name>Platform BR</sys_name>
        <sys_package display_value="SDK Sandbox" source="x_648117_sdk">ddaf132f47b8021029cb5ac5316d4336</sys_package>
        <sys_parent display_value="Sdk To Do">ffaf9feb47b8021029cb5ac5316d43c1</sys_parent>
        <sys_policy/>
        <sys_scope display_value="SDK Sandbox">ddaf132f47b8021029cb5ac5316d4336</sys_scope>
        <sys_scope_delete display_value="">127801325523490e9d0c557bfac3c4c4</sys_scope_delete>
        <sys_update_name>sys_script_5ec25afb47b8421029cb5ac5316d43df</sys_update_name>
        <sys_update_version display_value="sys_script_5ec25afb47b8421029cb5ac5316d43df">2d7007bf47bc421029cb5ac5316d43f1</sys_update_version>
        <sys_updated_by>admin</sys_updated_by>
        <sys_updated_on>2024-03-14 16:58:00</sys_updated_on>
    </sys_metadata_delete>
</record_update>
