<?xml version="1.0" encoding="UTF-8"?><record_update sys_domain="global" table="sys_script">
    <sys_script action="DELETE">
        <abort_action>false</abort_action>
        <access/>
        <action_delete>false</action_delete>
        <action_insert>false</action_insert>
        <action_query>false</action_query>
        <action_update>true</action_update>
        <active>false</active>
        <add_message>false</add_message>
        <advanced>true</advanced>
        <change_fields>false</change_fields>
        <client_callable>false</client_callable>
        <collection>x_648117_sdk_to_do</collection>
        <condition/>
        <description/>
        <execute_function>false</execute_function>
        <filter_condition/>
        <is_rest>false</is_rest>
        <message/>
        <name>Example BR</name>
        <order>100</order>
        <priority/>
        <rest_method/>
        <rest_method_text/>
        <rest_service/>
        <rest_service_text/>
        <rest_variables/>
        <role_conditions/>
        <script><![CDATA[	
    const { showStatusUpdate } = require('./src/myfunction.js')
    const { getIncidentCount } = require('./src/incident.js')
    const { getIncidentNumbers } = require('./src/incident.js')
	  showStatusUpdate(current.getValue('status'), previous.getValue('status'))
      getIncidentCount()
      getIncidentNumbers()
]]></script>
        <sys_class_name>sys_script</sys_class_name>
        <sys_created_by>admin</sys_created_by>
        <sys_created_on>2024-03-14 00:30:49</sys_created_on>
        <sys_domain>global</sys_domain>
        <sys_domain_path>/</sys_domain_path>
        <sys_id>bfe5a80407544f65bae356b67fc857f4</sys_id>
        <sys_mod_count>2</sys_mod_count>
        <sys_name>Jordan's Change</sys_name>
        <sys_overrides/>
        <sys_package display_value="SDK Sandbox" source="x_648117_sdk">ddaf132f47b8021029cb5ac5316d4336</sys_package>
        <sys_policy/>
        <sys_scope display_value="SDK Sandbox">ddaf132f47b8021029cb5ac5316d4336</sys_scope>
        <sys_update_name>sys_script_bfe5a80407544f65bae356b67fc857f4</sys_update_name>
        <sys_updated_by>admin</sys_updated_by>
        <sys_updated_on>2024-03-14 00:47:36</sys_updated_on>
        <template/>
        <when>after</when>
    </sys_script>
    <sys_translated_text action="DELETE" query="documentkey=bfe5a80407544f65bae356b67fc857f4"/>
<sys_update_version action="INSERT_OR_UPDATE">
        <action>DELETE</action>
        <application display_value="SDK Sandbox">ddaf132f47b8021029cb5ac5316d4336</application>
        <file_path/>
        <instance_id>300ee696db56bd9092f5684e1396199d</instance_id>
        <instance_name>dev206138</instance_name>
        <name>sys_script_bfe5a80407544f65bae356b67fc857f4</name>
        <payload>&lt;?xml version="1.0" encoding="UTF-8"?&gt;&lt;record_update sys_domain="global" table="sys_script"&gt;
    &lt;sys_script action="INSERT_OR_UPDATE"&gt;
        &lt;abort_action&gt;false&lt;/abort_action&gt;
        &lt;access/&gt;
        &lt;action_delete&gt;false&lt;/action_delete&gt;
        &lt;action_insert&gt;false&lt;/action_insert&gt;
        &lt;action_query&gt;false&lt;/action_query&gt;
        &lt;action_update&gt;true&lt;/action_update&gt;
        &lt;active&gt;false&lt;/active&gt;
        &lt;add_message&gt;false&lt;/add_message&gt;
        &lt;advanced&gt;true&lt;/advanced&gt;
        &lt;change_fields&gt;false&lt;/change_fields&gt;
        &lt;client_callable&gt;false&lt;/client_callable&gt;
        &lt;collection&gt;x_648117_sdk_to_do&lt;/collection&gt;
        &lt;condition/&gt;
        &lt;description/&gt;
        &lt;execute_function&gt;false&lt;/execute_function&gt;
        &lt;filter_condition/&gt;
        &lt;is_rest&gt;false&lt;/is_rest&gt;
        &lt;message/&gt;
        &lt;name&gt;Example BR&lt;/name&gt;
        &lt;order&gt;100&lt;/order&gt;
        &lt;priority/&gt;
        &lt;rest_method/&gt;
        &lt;rest_method_text/&gt;
        &lt;rest_service/&gt;
        &lt;rest_service_text/&gt;
        &lt;rest_variables/&gt;
        &lt;role_conditions/&gt;
        &lt;script&gt;&lt;![CDATA[	
    const { showStatusUpdate } = require('./src/myfunction.js')
    const { getIncidentCount } = require('./src/incident.js')
    const { getIncidentNumbers } = require('./src/incident.js')
	  showStatusUpdate(current.getValue('status'), previous.getValue('status'))
      getIncidentCount()
      getIncidentNumbers()
]]&gt;&lt;/script&gt;
        &lt;sys_class_name&gt;sys_script&lt;/sys_class_name&gt;
        &lt;sys_created_by&gt;admin&lt;/sys_created_by&gt;
        &lt;sys_created_on&gt;2024-03-14 00:30:49&lt;/sys_created_on&gt;
        &lt;sys_domain&gt;global&lt;/sys_domain&gt;
        &lt;sys_domain_path&gt;/&lt;/sys_domain_path&gt;
        &lt;sys_id&gt;bfe5a80407544f65bae356b67fc857f4&lt;/sys_id&gt;
        &lt;sys_mod_count&gt;2&lt;/sys_mod_count&gt;
        &lt;sys_name&gt;Jordan's Change&lt;/sys_name&gt;
        &lt;sys_overrides/&gt;
        &lt;sys_package display_value="SDK Sandbox" source="x_648117_sdk"&gt;ddaf132f47b8021029cb5ac5316d4336&lt;/sys_package&gt;
        &lt;sys_policy/&gt;
        &lt;sys_scope display_value="SDK Sandbox"&gt;ddaf132f47b8021029cb5ac5316d4336&lt;/sys_scope&gt;
        &lt;sys_update_name&gt;sys_script_bfe5a80407544f65bae356b67fc857f4&lt;/sys_update_name&gt;
        &lt;sys_updated_by&gt;admin&lt;/sys_updated_by&gt;
        &lt;sys_updated_on&gt;2024-03-14 00:47:36&lt;/sys_updated_on&gt;
        &lt;template/&gt;
        &lt;when&gt;after&lt;/when&gt;
    &lt;/sys_script&gt;
    &lt;sys_translated_text action="delete_multiple" query="documentkey=bfe5a80407544f65bae356b67fc857f4"/&gt;
&lt;/record_update&gt;</payload>
        <payload_hash>399812916</payload_hash>
        <record_name>Example BR</record_name>
        <reverted_from/>
        <source>e57007bf47bc421029cb5ac5316d43f2</source>
        <source_table>sys_upgrade_history</source_table>
        <state>previous</state>
        <sys_created_by>admin</sys_created_by>
        <sys_created_on>2024-03-14 16:52:52</sys_created_on>
        <sys_id>a57007bf47bc421029cb5ac5316d43f4</sys_id>
        <sys_mod_count>0</sys_mod_count>
        <sys_recorded_at>18e3de181490000001</sys_recorded_at>
        <sys_updated_by>admin</sys_updated_by>
        <sys_updated_on>2024-03-14 16:52:52</sys_updated_on>
        <type>Business Rule</type>
        <update_guid>617007bfa5bc4210a4eadfe3f3767df4</update_guid>
        <update_guid_history>617007bfa5bc4210a4eadfe3f3767df4:0,ce53963fc9b8421007d2990591b507d7:0,e7529ebbe7b842103280ba2966e8d142:0,bbdf42b794b84210206edfb0bbfca9c9:-1912796265,911f8a77edb842103aaf44075a04a03f:0,85d5eb67bff8021085ab639bf8002750:0,8e836f6344f80210f3f77dd779633a49:21255998,b3b1632362f802104ae8d2d0dcb455bb:-1487854981,0cbf136fa6b8021090ff6c3f1021651f:0</update_guid_history>
    </sys_update_version>
    <sys_metadata_delete action="INSERT_OR_UPDATE">
        <sys_audit_delete/>
        <sys_class_name>sys_metadata_delete</sys_class_name>
        <sys_created_by>admin</sys_created_by>
        <sys_created_on>2024-03-14 16:56:05</sys_created_on>
        <sys_db_object display_value="" name="sys_script">sys_script</sys_db_object>
        <sys_id>1b0cc42c4bfe49e2ab102f0fb16da964</sys_id>
        <sys_metadata>bfe5a80407544f65bae356b67fc857f4</sys_metadata>
        <sys_mod_count>0</sys_mod_count>
        <sys_name>Jordan's Change</sys_name>
        <sys_package display_value="SDK Sandbox" source="x_648117_sdk">ddaf132f47b8021029cb5ac5316d4336</sys_package>
        <sys_parent display_value="Sdk To Do">ffaf9feb47b8021029cb5ac5316d43c1</sys_parent>
        <sys_policy/>
        <sys_scope display_value="SDK Sandbox">ddaf132f47b8021029cb5ac5316d4336</sys_scope>
        <sys_scope_delete display_value="">127801325523490e9d0c557bfac3c4c4</sys_scope_delete>
        <sys_update_name>sys_script_bfe5a80407544f65bae356b67fc857f4</sys_update_name>
        <sys_update_version display_value="sys_script_bfe5a80407544f65bae356b67fc857f4">a57007bf47bc421029cb5ac5316d43f4</sys_update_version>
        <sys_updated_by>admin</sys_updated_by>
        <sys_updated_on>2024-03-14 16:56:05</sys_updated_on>
    </sys_metadata_delete>
</record_update>
