<?xml version="1.0" encoding="UTF-8"?><database>
    <element db_object_id="ffaf9feb47b8021029cb5ac5316d43c1" label="To-Do" max_length="40" name="x_648117_sdk_to_do" type="collection">
        <element attributes="edge_encryption_enabled=true" label="Deadline" max_length="40" name="deadline" type="glide_date_time"/>
        <element attributes="edge_encryption_enabled=true" label="Status" max_length="10" name="status" type="string_full_utf8"/>
        <element attributes="edge_encryption_enabled=true" label="Task" max_length="120" name="task" type="string"/>
        <element label="User" max_length="32" name="user" reference="sys_user" type="reference"/>
        <index name="index">
            <element name="user"/>
        </index>
    </element>
</database>
