<?xml version="1.0" encoding="UTF-8"?><record_update table="sys_app">
    <sys_app action="INSERT_OR_UPDATE">
        <active>true</active>
        <can_edit_in_studio>true</can_edit_in_studio>
        <enforce_license>log</enforce_license>
        <guided_setup_guid/>
        <hide_on_ui>false</hide_on_ui>
        <ide_created>GAC</ide_created>
        <installed_as_dependency>false</installed_as_dependency>
        <js_level>es_latest</js_level>
        <licensable>true</licensable>
        <license/>
        <license_category>none</license_category>
        <license_definition/>
        <license_model>none</license_model>
        <logo/>
        <menu/>
        <name>SDK Sandbox</name>
        <package_json display_value="x_648117_sdk/sdk-sandbox/0.0.1/package.json" path="x_648117_sdk/sdk-sandbox/0.0.1/package.json">x_648117_sdk/sdk-sandbox/0.0.1/package.json</package_json>
        <private>false</private>
        <restrict_table_access>false</restrict_table_access>
        <runtime_access_tracking>permissive</runtime_access_tracking>
        <scope>x_648117_sdk</scope>
        <scoped_administration>false</scoped_administration>
        <short_description/>
        <source>x_648117_sdk</source>
        <store_correlation_id/>
        <store_url/>
        <subscription_entitlement/>
        <sys_class_name>sys_app</sys_class_name>
        <sys_code/>
        <sys_created_by>admin</sys_created_by>
        <sys_created_on>2024-03-14 00:30:37</sys_created_on>
        <sys_id>ddaf132f47b8021029cb5ac5316d4336</sys_id>
        <sys_mod_count>2</sys_mod_count>
        <sys_updated_by>admin</sys_updated_by>
        <sys_updated_on>2024-03-14 01:10:18</sys_updated_on>
        <template/>
        <trackable>true</trackable>
        <uninstall_blocked>false</uninstall_blocked>
        <user_role/>
        <vendor/>
        <vendor_prefix/>
        <version>0.0.1</version>
    </sys_app>
    <sys_translated_text action="delete_multiple" query="documentkey=ddaf132f47b8021029cb5ac5316d4336"/>
</record_update>
