<?xml version="1.0"?>
<record_update>
  <sys_module action="INSERT_OR_UPDATE">
    <sys_scope>ddaf132f47b8021029cb5ac5316d4336</sys_scope>
    <path>x_648117_sdk/sdk-sandbox/0.0.1/src/incident.js</path>
    <external_source>false</external_source>
    <content><![CDATA[import { GlideRecord } from '@servicenow/glide'
import { compact } from 'lodash'

export const getIncidentCount = function () {
    let incidentGr = new GlideRecord("incident");
    incidentGr.query();
    return incidentGr.getRowCount();
}

export const getIncidentNumbers = function (userSysId) {
    let incidentNumbers = [];
    let incidentGr = new GlideRecord("incident");
    incidentGr.addQuery("caller_id", userSysId);
    incidentGr.query();
    while (incidentGr.next()){
        incidentNumbers.push(incidentGr.getDisplayValue());
    }
    incidentNumbers.push(false);
    incidentNumbers.push("");
    return incidentNumbers;
}

export const cleanIncidentNumbers = function (userSysId) {
    return compact(this.getIncidentNumbers(userSysId));
}]]></content>
  </sys_module>
</record_update>