<?xml version="1.0" encoding="UTF-8"?><record_update sys_domain="global" table="sys_script_client">
    <sys_script_client action="INSERT_OR_UPDATE">
        <active>true</active>
        <applies_extended>false</applies_extended>
        <condition/>
        <description/>
        <field/>
        <global>true</global>
        <isolate_script>true</isolate_script>
        <messages/>
        <name>onLoad - Do something</name>
        <order/>
        <script><![CDATA[function onLoad() {
   //Type appropriate comment here, and begin script below
   
}]]></script>
        <sys_class_name>sys_script_client</sys_class_name>
        <sys_created_by>admin</sys_created_by>
        <sys_created_on>2024-03-14 14:33:35</sys_created_on>
        <sys_domain>global</sys_domain>
        <sys_domain_path>/</sys_domain_path>
        <sys_id>aa80eabf47f8421029cb5ac5316d43fb</sys_id>
        <sys_mod_count>0</sys_mod_count>
        <sys_name>onLoad - Do something</sys_name>
        <sys_overrides/>
        <sys_package display_value="SDK Sandbox" source="x_648117_sdk">ddaf132f47b8021029cb5ac5316d4336</sys_package>
        <sys_policy/>
        <sys_scope display_value="SDK Sandbox">ddaf132f47b8021029cb5ac5316d4336</sys_scope>
        <sys_update_name>sys_script_client_aa80eabf47f8421029cb5ac5316d43fb</sys_update_name>
        <sys_updated_by>admin</sys_updated_by>
        <sys_updated_on>2024-03-14 14:33:35</sys_updated_on>
        <table>x_648117_sdk_to_do</table>
        <type>onLoad</type>
        <ui_type>0</ui_type>
        <view/>
    </sys_script_client>
</record_update>
