<?xml version="1.0" encoding="UTF-8"?><record_update sys_domain="global" table="sys_script">
    <sys_script action="INSERT_OR_UPDATE">
        <abort_action>false</abort_action>
        <access>package_private</access>
        <action_delete>false</action_delete>
        <action_insert>false</action_insert>
        <action_query>false</action_query>
        <action_update>true</action_update>
        <active>true</active>
        <add_message>false</add_message>
        <advanced>true</advanced>
        <change_fields>false</change_fields>
        <client_callable>false</client_callable>
        <collection>x_648117_sdk_to_do</collection>
        <condition/>
        <description/>
        <execute_function>false</execute_function>
        <filter_condition table="x_648117_sdk_to_do">userISNOTEMPTY^EQ<item endquery="false" field="user" goto="false" newquery="false" operator="ISNOTEMPTY" or="false" value=""/>
            <item endquery="true" field="" goto="false" newquery="false" operator="=" or="false" value=""/>
        </filter_condition>
        <is_rest>false</is_rest>
        <message/>
        <name>Run Logic</name>
        <order>100</order>
        <priority>100</priority>
        <rest_method/>
        <rest_method_text/>
        <rest_service/>
        <rest_service_text/>
        <rest_variables/>
        <role_conditions/>
        <script><![CDATA[(function executeRule(current, previous /*null when async*/) {

	const numbers = new x_648117_sdk.ToDo().getIncidentNumbers(current.getValue("user"));
    gs.addInfoMessage("Incident Number(s) for User " + current.user.getDisplayValue() + ": " + numbers);

})(current, previous);]]></script>
        <sys_class_name>sys_script</sys_class_name>
        <sys_created_by>admin</sys_created_by>
        <sys_created_on>2024-03-14 16:49:01</sys_created_on>
        <sys_domain>global</sys_domain>
        <sys_domain_path>/</sys_domain_path>
        <sys_id>cd5fba3f47bc421029cb5ac5316d4397</sys_id>
        <sys_mod_count>2</sys_mod_count>
        <sys_name>Run Logic</sys_name>
        <sys_overrides/>
        <sys_package display_value="SDK Sandbox" source="x_648117_sdk">ddaf132f47b8021029cb5ac5316d4336</sys_package>
        <sys_policy/>
        <sys_scope display_value="SDK Sandbox">ddaf132f47b8021029cb5ac5316d4336</sys_scope>
        <sys_update_name>sys_script_cd5fba3f47bc421029cb5ac5316d4397</sys_update_name>
        <sys_updated_by>admin</sys_updated_by>
        <sys_updated_on>2024-03-14 17:30:58</sys_updated_on>
        <template/>
        <when>before</when>
    </sys_script>
    <sys_translated_text action="delete_multiple" query="documentkey=cd5fba3f47bc421029cb5ac5316d4397"/>
</record_update>
