<?xml version="1.0" encoding="UTF-8"?><record_update>
    <sys_ui_list parent="" relationship="" sys_domain="global" table="x_648117_sdk_to_do" version="2" view="">
        <sys_ui_list_element action="INSERT_OR_UPDATE">
            <average_value>false</average_value>
            <element>deadline</element>
            <list_id display_value="x_648117_sdk_to_do" element="NULL" name="x_648117_sdk_to_do" parent="NULL" relationship="NULL" sys_domain="global" view="Default view">3351236f47b8021029cb5ac5316d43e5</list_id>
            <max_value>false</max_value>
            <min_value>false</min_value>
            <position>0</position>
            <sum>false</sum>
            <sys_created_by>admin</sys_created_by>
            <sys_created_on>2024-03-14 00:38:10</sys_created_on>
            <sys_id>7f512bef47b8021029cb5ac5316d43fb</sys_id>
            <sys_mod_count>0</sys_mod_count>
            <sys_updated_by>admin</sys_updated_by>
            <sys_updated_on>2024-03-14 00:38:10</sys_updated_on>
        </sys_ui_list_element>
        <sys_ui_list_element action="INSERT_OR_UPDATE">
            <average_value>false</average_value>
            <element>status</element>
            <list_id display_value="x_648117_sdk_to_do" element="NULL" name="x_648117_sdk_to_do" parent="NULL" relationship="NULL" sys_domain="global" view="Default view">3351236f47b8021029cb5ac5316d43e5</list_id>
            <max_value>false</max_value>
            <min_value>false</min_value>
            <position>1</position>
            <sum>false</sum>
            <sys_created_by>admin</sys_created_by>
            <sys_created_on>2024-03-14 00:38:10</sys_created_on>
            <sys_id>b7512bef47b8021029cb5ac5316d43fc</sys_id>
            <sys_mod_count>0</sys_mod_count>
            <sys_updated_by>admin</sys_updated_by>
            <sys_updated_on>2024-03-14 00:38:10</sys_updated_on>
        </sys_ui_list_element>
        <sys_ui_list_element action="INSERT_OR_UPDATE">
            <average_value>false</average_value>
            <element>task</element>
            <list_id display_value="x_648117_sdk_to_do" element="NULL" name="x_648117_sdk_to_do" parent="NULL" relationship="NULL" sys_domain="global" view="Default view">3351236f47b8021029cb5ac5316d43e5</list_id>
            <max_value>false</max_value>
            <min_value>false</min_value>
            <position>2</position>
            <sum>false</sum>
            <sys_created_by>admin</sys_created_by>
            <sys_created_on>2024-03-14 00:38:10</sys_created_on>
            <sys_id>bb512bef47b8021029cb5ac5316d43fc</sys_id>
            <sys_mod_count>0</sys_mod_count>
            <sys_updated_by>admin</sys_updated_by>
            <sys_updated_on>2024-03-14 00:38:10</sys_updated_on>
        </sys_ui_list_element>
        <sys_ui_list action="INSERT_OR_UPDATE">
            <average_value>false</average_value>
            <element/>
            <max_value>false</max_value>
            <min_value>false</min_value>
            <name>x_648117_sdk_to_do</name>
            <parent/>
            <position/>
            <relationship/>
            <sum>false</sum>
            <sys_class_name>sys_ui_list</sys_class_name>
            <sys_created_by>admin</sys_created_by>
            <sys_created_on>2024-03-14 00:38:10</sys_created_on>
            <sys_domain>global</sys_domain>
            <sys_domain_path>/</sys_domain_path>
            <sys_id>3351236f47b8021029cb5ac5316d43e5</sys_id>
            <sys_mod_count>0</sys_mod_count>
            <sys_name>x_648117_sdk_to_do</sys_name>
            <sys_package display_value="SDK Sandbox" source="x_648117_sdk">ddaf132f47b8021029cb5ac5316d4336</sys_package>
            <sys_policy/>
            <sys_scope display_value="SDK Sandbox">ddaf132f47b8021029cb5ac5316d4336</sys_scope>
            <sys_update_name>sys_ui_list_x_648117_sdk_to_do_null</sys_update_name>
            <sys_updated_by>admin</sys_updated_by>
            <sys_updated_on>2024-03-14 00:38:10</sys_updated_on>
            <sys_user/>
            <view display_value="Default view" name="NULL">Default view</view>
            <view_name/>
        </sys_ui_list>
    </sys_ui_list>
</record_update>
