<?xml version="1.0" encoding="UTF-8"?><record_update>
    <sys_ui_section caption="" section_id="c561a3af47b8021029cb5ac5316d43d9" sys_domain="global" table="x_648117_sdk_to_do" version="3" view="">
        <sys_ui_element action="INSERT_OR_UPDATE">
            <element>deadline</element>
            <position>0</position>
            <sys_created_by>admin</sys_created_by>
            <sys_created_on>2024-03-14 00:38:15</sys_created_on>
            <sys_id>c9616bef47b8021029cb5ac5316d4384</sys_id>
            <sys_mod_count>0</sys_mod_count>
            <sys_ui_formatter/>
            <sys_ui_section caption="NULL" display_value="" name="x_648117_sdk_to_do" sys_domain="global" view="Default view">c561a3af47b8021029cb5ac5316d43d9</sys_ui_section>
            <sys_updated_by>admin</sys_updated_by>
            <sys_updated_on>2024-03-14 00:38:15</sys_updated_on>
            <sys_user/>
            <type/>
        </sys_ui_element>
        <sys_ui_element action="INSERT_OR_UPDATE">
            <element>task</element>
            <position>1</position>
            <sys_created_by>admin</sys_created_by>
            <sys_created_on>2024-03-14 00:38:15</sys_created_on>
            <sys_id>89616bef47b8021029cb5ac5316d4385</sys_id>
            <sys_mod_count>0</sys_mod_count>
            <sys_ui_formatter/>
            <sys_ui_section caption="NULL" display_value="" name="x_648117_sdk_to_do" sys_domain="global" view="Default view">c561a3af47b8021029cb5ac5316d43d9</sys_ui_section>
            <sys_updated_by>admin</sys_updated_by>
            <sys_updated_on>2024-03-14 00:38:15</sys_updated_on>
            <sys_user/>
            <type/>
        </sys_ui_element>
        <sys_ui_element action="INSERT_OR_UPDATE">
            <element>status</element>
            <position>2</position>
            <sys_created_by>admin</sys_created_by>
            <sys_created_on>2024-03-14 00:38:15</sys_created_on>
            <sys_id>81616bef47b8021029cb5ac5316d4386</sys_id>
            <sys_mod_count>0</sys_mod_count>
            <sys_ui_formatter/>
            <sys_ui_section caption="NULL" display_value="" name="x_648117_sdk_to_do" sys_domain="global" view="Default view">c561a3af47b8021029cb5ac5316d43d9</sys_ui_section>
            <sys_updated_by>admin</sys_updated_by>
            <sys_updated_on>2024-03-14 00:38:15</sys_updated_on>
            <sys_user/>
            <type/>
        </sys_ui_element>
        <sys_ui_section action="INSERT_OR_UPDATE">
            <caption/>
            <header>false</header>
            <name>x_648117_sdk_to_do</name>
            <roles/>
            <sys_class_name>sys_ui_section</sys_class_name>
            <sys_created_by>admin</sys_created_by>
            <sys_created_on>2024-03-14 00:38:15</sys_created_on>
            <sys_domain>global</sys_domain>
            <sys_domain_path>/</sys_domain_path>
            <sys_id>c561a3af47b8021029cb5ac5316d43d9</sys_id>
            <sys_mod_count>0</sys_mod_count>
            <sys_name>x_648117_sdk_to_do</sys_name>
            <sys_overrides/>
            <sys_package display_value="SDK Sandbox" source="x_648117_sdk">ddaf132f47b8021029cb5ac5316d4336</sys_package>
            <sys_policy/>
            <sys_scope display_value="SDK Sandbox">ddaf132f47b8021029cb5ac5316d4336</sys_scope>
            <sys_update_name>sys_ui_section_c561a3af47b8021029cb5ac5316d43d9</sys_update_name>
            <sys_updated_by>admin</sys_updated_by>
            <sys_updated_on>2024-03-14 00:38:15</sys_updated_on>
            <sys_user/>
            <title>true</title>
            <view display_value="Default view" name="NULL">Default view</view>
            <view_name/>
        </sys_ui_section>
    </sys_ui_section>
</record_update>
