<?xml version="1.0" encoding="UTF-8"?><record_update>
    <sys_documentation element="" label="To-Do" language="en" table="x_648117_sdk_to_do">
        <sys_documentation action="INSERT_OR_UPDATE">
            <element/>
            <help/>
            <hint/>
            <label>To-Do</label>
            <language>en</language>
            <name>x_648117_sdk_to_do</name>
            <plural>To-Dos</plural>
            <sys_class_name>sys_documentation</sys_class_name>
            <sys_created_by>admin</sys_created_by>
            <sys_created_on>2024-03-14 00:30:48</sys_created_on>
            <sys_id>b3afdf2f47b8021029cb5ac5316d43bd</sys_id>
            <sys_mod_count>0</sys_mod_count>
            <sys_name>To-Do</sys_name>
            <sys_package display_value="SDK Sandbox" source="x_648117_sdk">ddaf132f47b8021029cb5ac5316d4336</sys_package>
            <sys_policy/>
            <sys_scope display_value="SDK Sandbox">ddaf132f47b8021029cb5ac5316d4336</sys_scope>
            <sys_update_name>sys_documentation_x_648117_sdk_to_do__en</sys_update_name>
            <sys_updated_by>admin</sys_updated_by>
            <sys_updated_on>2024-03-14 00:30:48</sys_updated_on>
            <url/>
            <url_target/>
        </sys_documentation>
    </sys_documentation>
</record_update>
