<?xml version="1.0"?>
<record_update>
  <sys_module action="INSERT_OR_UPDATE">
    <sys_scope>ddaf132f47b8021029cb5ac5316d4336</sys_scope>
    <path>x_648117_sdk/sdk-sandbox/0.0.1/src/node-package-utils/validator.js</path>
    <external_source>false</external_source>
    <content><![CDATA[import validator from 'validator'

export const isEmail = function (email) {
    return validator.isEmail(email);
}

export const isHexColor = function (hexColor) {
    return validator.isHexColor(hexColor);
}

export const isIP = function (ip) {
    return validator.isIP(ip);
}

// Additional validations can be added]]></content>
  </sys_module>
</record_update>