<?xml version="1.0" encoding="UTF-8"?><record_update table="sys_script_include">
    <sys_script_include action="INSERT_OR_UPDATE">
        <access>package_private</access>
        <active>true</active>
        <api_name>x_648117_sdk.ToDo</api_name>
        <caller_access/>
        <client_callable>false</client_callable>
        <description/>
        <name>ToDo</name>
        <script><![CDATA[var ToDo = Class.create();
ToDo.prototype = {
    initialize: function() {
    },

    getIncidentNumbers: function(userSysId){
        const { cleanIncidentNumbers } = require('./src/incident.js');
        return cleanIncidentNumbers(userSysId);
    },

    type: 'ToDo'
};]]></script>
        <sys_class_name>sys_script_include</sys_class_name>
        <sys_created_by>admin</sys_created_by>
        <sys_created_on>2024-03-14 16:45:47</sys_created_on>
        <sys_id>4bcebefb47bc421029cb5ac5316d4321</sys_id>
        <sys_mod_count>2</sys_mod_count>
        <sys_name>ToDo</sys_name>
        <sys_package display_value="SDK Sandbox" source="x_648117_sdk">ddaf132f47b8021029cb5ac5316d4336</sys_package>
        <sys_policy>read</sys_policy>
        <sys_scope display_value="SDK Sandbox">ddaf132f47b8021029cb5ac5316d4336</sys_scope>
        <sys_update_name>sys_script_include_4bcebefb47bc421029cb5ac5316d4321</sys_update_name>
        <sys_updated_by>admin</sys_updated_by>
        <sys_updated_on>2024-03-14 17:31:19</sys_updated_on>
    </sys_script_include>
</record_update>
