<?xml version="1.0" encoding="UTF-8"?><record_update sys_domain="global" table="sys_script">
    <sys_script action="INSERT_OR_UPDATE">
        <abort_action>false</abort_action>
        <access>package_private</access>
        <action_delete>false</action_delete>
        <action_insert>true</action_insert>
        <action_query>false</action_query>
        <action_update>false</action_update>
        <active>true</active>
        <add_message>true</add_message>
        <advanced>false</advanced>
        <change_fields>false</change_fields>
        <client_callable>false</client_callable>
        <collection>x_648117_sdk_to_do</collection>
        <condition/>
        <description/>
        <execute_function>false</execute_function>
        <filter_condition/>
        <is_rest>false</is_rest>
        <message><![CDATA[<p>Record created</p>]]></message>
        <name>Platform BR - Script</name>
        <order>100</order>
        <priority>100</priority>
        <rest_method/>
        <rest_method_text/>
        <rest_service/>
        <rest_service_text/>
        <rest_variables/>
        <role_conditions/>
        <script><![CDATA[(function executeRule(current, previous /*null when async*/) {

	// Add your code here

})(current, previous);]]></script>
        <sys_class_name>sys_script</sys_class_name>
        <sys_created_by>admin</sys_created_by>
        <sys_created_on>2024-03-14 13:33:40</sys_created_on>
        <sys_domain>global</sys_domain>
        <sys_domain_path>/</sys_domain_path>
        <sys_id>5ec25afb47b8421029cb5ac5316d43df</sys_id>
        <sys_mod_count>0</sys_mod_count>
        <sys_name>Platform BR</sys_name>
        <sys_overrides/>
        <sys_package display_value="SDK Sandbox" source="x_648117_sdk">ddaf132f47b8021029cb5ac5316d4336</sys_package>
        <sys_policy/>
        <sys_scope display_value="SDK Sandbox">ddaf132f47b8021029cb5ac5316d4336</sys_scope>
        <sys_update_name>sys_script_5ec25afb47b8421029cb5ac5316d43df</sys_update_name>
        <sys_updated_by>admin</sys_updated_by>
        <sys_updated_on>2024-03-14 13:33:40</sys_updated_on>
        <template/>
        <when>before</when>
    </sys_script>
    <sys_translated_text action="delete_multiple" query="documentkey=5ec25afb47b8421029cb5ac5316d43df"/>
</record_update>
