<?xml version="1.0"?>
<record_update>
  <sys_module action="INSERT_OR_UPDATE">
    <sys_scope>ddaf132f47b8021029cb5ac5316d4336</sys_scope>
    <path>x_648117_sdk/sdk-sandbox/0.0.1/src/shipped-demo-data/myfunction.js</path>
    <external_source>false</external_source>
    <content><![CDATA[import { gs } from '@servicenow/glide'

export const showStatusUpdate = function (newStatus, oldStatus) {
    gs.addInfoMessage(`Record updated. Old Status: ${oldStatus}`)
    gs.addInfoMessage(`New Status: ${newStatus}`)
}
]]></content>
  </sys_module>
</record_update>