<?xml version="1.0"?>
<record_update>
  <sys_module action="INSERT_OR_UPDATE">
    <sys_scope>ddaf132f47b8021029cb5ac5316d4336</sys_scope>
    <path>x_648117_sdk/dayjs/1.11.10/package.json</path>
    <external_source>true</external_source>
    <content><![CDATA[{
  "name": "dayjs",
  "version": "1.11.10",
  "description": "2KB immutable date time library alternative to Moment.js with the same modern API ",
  "main": "./dayjs.js",
  "types": "index.d.ts",
  "scripts": {
    "test": "TZ=Pacific/Auckland npm run test-tz && TZ=Europe/London npm run test-tz && TZ=America/Whitehorse npm run test-tz && npm run test-tz && jest",
    "test-tz": "date && jest test/timezone.test --coverage=false",
    "lint": "./node_modules/.bin/eslint src/* test/* build/*",
    "prettier": "prettier --write \"docs/**/*.md\"",
    "babel": "cross-env BABEL_ENV=build babel src --out-dir esm --copy-files && node build/esm",
    "build": "cross-env BABEL_ENV=build node build && npm run size",
    "sauce": "npx karma start karma.sauce.conf.js",
    "test:sauce": "npm run sauce -- 0 && npm run sauce -- 1 && npm run sauce -- 2  && npm run sauce -- 3",
    "size": "size-limit && gzip-size dayjs.min.js"
  },
  "pre-commit": [
    "lint"
  ],
  "size-limit": [
    {
      "limit": "2.99 KB",
      "path": "dayjs.min.js"
    }
  ],
  "jest": {
    "roots": [
      "test"
    ],
    "testRegex": "test/(.*?/)?.*test.js$",
    "testURL": "http://localhost",
    "coverageDirectory": "./coverage/",
    "collectCoverage": true,
    "collectCoverageFrom": [
      "src/**/*"
    ]
  },
  "keywords": [
    "dayjs",
    "date",
    "time",
    "immutable",
    "moment"
  ],
  "author": {
    "name": "iamkun"
  },
  "license": "MIT",
  "homepage": "https://day.js.org",
  "repository": {
    "type": "git",
    "url": "git+https://github.com/iamkun/dayjs.git"
  },
  "devDependencies": {
    "@babel/cli": "^7.0.0-beta.44",
    "@babel/core": "^7.0.0-beta.44",
    "@babel/node": "^7.0.0-beta.44",
    "@babel/preset-env": "^7.0.0-beta.44",
    "babel-core": "^7.0.0-bridge.0",
    "babel-jest": "^22.4.3",
    "babel-plugin-external-helpers": "^6.22.0",
    "cross-env": "^5.1.6",
    "eslint": "^4.19.1",
    "eslint-config-airbnb-base": "^12.1.0",
    "eslint-plugin-import": "^2.10.0",
    "eslint-plugin-jest": "^21.15.0",
    "gzip-size-cli": "^2.1.0",
    "jasmine-core": "^2.99.1",
    "jest": "^22.4.3",
    "karma": "^2.0.2",
    "karma-jasmine": "^1.1.2",
    "karma-sauce-launcher": "^1.1.0",
    "mockdate": "^2.0.2",
    "moment": "2.29.2",
    "moment-timezone": "0.5.31",
    "ncp": "^2.0.0",
    "pre-commit": "^1.2.2",
    "prettier": "^1.16.1",
    "rollup": "^2.45.1",
    "rollup-plugin-babel": "^4.4.0",
    "rollup-plugin-terser": "^7.0.2",
    "size-limit": "^0.18.0",
    "typescript": "^2.8.3"
  },
  "bugs": {
    "url": "https://github.com/iamkun/dayjs/issues"
  },
  "readme": "ERROR: No README data found!",
  "_id": "dayjs@1.11.10",
  "dependencies": {}
}]]></content>
  </sys_module>
  <sys_module action="INSERT_OR_UPDATE">
    <sys_scope>ddaf132f47b8021029cb5ac5316d4336</sys_scope>
    <path>x_648117_sdk/dayjs/1.11.10/dayjs.js</path>
    <external_source>true</external_source>
    <content><![CDATA['use strict';

function _typeof(o) { "@babel/helpers - typeof"; return _typeof = "function" == typeof Symbol && "symbol" == typeof Symbol.iterator ? function (o) { return typeof o; } : function (o) { return o && "function" == typeof Symbol && o.constructor === Symbol && o !== Symbol.prototype ? "symbol" : typeof o; }, _typeof(o); }
var __global$ = globalThis || (typeof window !== "undefined" ? window : self);
var commonjsGlobal = typeof globalThis !== 'undefined' ? globalThis : typeof window !== 'undefined' ? window : typeof __global$ !== 'undefined' ? __global$ : typeof self !== 'undefined' ? self : {};
function getDefaultExportFromCjs(x) {
  return x && x.__esModule && Object.prototype.hasOwnProperty.call(x, 'default') ? x['default'] : x;
}
var dayjs_min$1 = {
  exports: {}
};
(function (module, exports) {
  !function (t, e) {
    module.exports = e();
  }(commonjsGlobal, function () {
    var t = 1e3,
      e = 6e4,
      n = 36e5,
      r = "millisecond",
      i = "second",
      s = "minute",
      u = "hour",
      a = "day",
      o = "week",
      c = "month",
      f = "quarter",
      h = "year",
      d = "date",
      l = "Invalid Date",
      $ = /^(\d{4})[-/]?(\d{1,2})?[-/]?(\d{0,2})[Tt\s]*(\d{1,2})?:?(\d{1,2})?:?(\d{1,2})?[.:]?(\d+)?$/,
      y = /\[([^\]]+)]|Y{1,4}|M{1,4}|D{1,2}|d{1,4}|H{1,2}|h{1,2}|a|A|m{1,2}|s{1,2}|Z{1,2}|SSS/g,
      M = {
        name: "en",
        weekdays: "Sunday_Monday_Tuesday_Wednesday_Thursday_Friday_Saturday".split("_"),
        months: "January_February_March_April_May_June_July_August_September_October_November_December".split("_"),
        ordinal: function ordinal(t) {
          var e = ["th", "st", "nd", "rd"],
            n = t % 100;
          return "[" + t + (e[(n - 20) % 10] || e[n] || e[0]) + "]";
        }
      },
      m = function m(t, e, n) {
        var r = String(t);
        return !r || r.length >= e ? t : "" + Array(e + 1 - r.length).join(n) + t;
      },
      v = {
        s: m,
        z: function z(t) {
          var e = -t.utcOffset(),
            n = Math.abs(e),
            r = Math.floor(n / 60),
            i = n % 60;
          return (e <= 0 ? "+" : "-") + m(r, 2, "0") + ":" + m(i, 2, "0");
        },
        m: function t(e, n) {
          if (e.date() < n.date()) return -t(n, e);
          var r = 12 * (n.year() - e.year()) + (n.month() - e.month()),
            i = e.clone().add(r, c),
            s = n - i < 0,
            u = e.clone().add(r + (s ? -1 : 1), c);
          return +(-(r + (n - i) / (s ? i - u : u - i)) || 0);
        },
        a: function a(t) {
          return t < 0 ? Math.ceil(t) || 0 : Math.floor(t);
        },
        p: function p(t) {
          return {
            M: c,
            y: h,
            w: o,
            d: a,
            D: d,
            h: u,
            m: s,
            s: i,
            ms: r,
            Q: f
          }[t] || String(t || "").toLowerCase().replace(/s$/, "");
        },
        u: function u(t) {
          return void 0 === t;
        }
      },
      g = "en",
      D = {};
    D[g] = M;
    var p = "$isDayjsObject",
      S = function S(t) {
        return t instanceof _ || !(!t || !t[p]);
      },
      w = function t(e, n, r) {
        var i;
        if (!e) return g;
        if ("string" == typeof e) {
          var s = e.toLowerCase();
          D[s] && (i = s), n && (D[s] = n, i = s);
          var u = e.split("-");
          if (!i && u.length > 1) return t(u[0]);
        } else {
          var a = e.name;
          D[a] = e, i = a;
        }
        return !r && i && (g = i), i || !r && g;
      },
      O = function O(t, e) {
        if (S(t)) return t.clone();
        var n = "object" == _typeof(e) ? e : {};
        return n.date = t, n.args = arguments, new _(n);
      },
      b = v;
    b.l = w, b.i = S, b.w = function (t, e) {
      return O(t, {
        locale: e.$L,
        utc: e.$u,
        x: e.$x,
        $offset: e.$offset
      });
    };
    var _ = function () {
        function M(t) {
          this.$L = w(t.locale, null, !0), this.parse(t), this.$x = this.$x || t.x || {}, this[p] = !0;
        }
        var m = M.prototype;
        return m.parse = function (t) {
          this.$d = function (t) {
            var e = t.date,
              n = t.utc;
            if (null === e) return new Date(NaN);
            if (b.u(e)) return new Date();
            if (e instanceof Date) return new Date(e);
            if ("string" == typeof e && !/Z$/i.test(e)) {
              var r = e.match($);
              if (r) {
                var i = r[2] - 1 || 0,
                  s = (r[7] || "0").substring(0, 3);
                return n ? new Date(Date.UTC(r[1], i, r[3] || 1, r[4] || 0, r[5] || 0, r[6] || 0, s)) : new Date(r[1], i, r[3] || 1, r[4] || 0, r[5] || 0, r[6] || 0, s);
              }
            }
            return new Date(e);
          }(t), this.init();
        }, m.init = function () {
          var t = this.$d;
          this.$y = t.getFullYear(), this.$M = t.getMonth(), this.$D = t.getDate(), this.$W = t.getDay(), this.$H = t.getHours(), this.$m = t.getMinutes(), this.$s = t.getSeconds(), this.$ms = t.getMilliseconds();
        }, m.$utils = function () {
          return b;
        }, m.isValid = function () {
          return !(this.$d.toString() === l);
        }, m.isSame = function (t, e) {
          var n = O(t);
          return this.startOf(e) <= n && n <= this.endOf(e);
        }, m.isAfter = function (t, e) {
          return O(t) < this.startOf(e);
        }, m.isBefore = function (t, e) {
          return this.endOf(e) < O(t);
        }, m.$g = function (t, e, n) {
          return b.u(t) ? this[e] : this.set(n, t);
        }, m.unix = function () {
          return Math.floor(this.valueOf() / 1e3);
        }, m.valueOf = function () {
          return this.$d.getTime();
        }, m.startOf = function (t, e) {
          var n = this,
            r = !!b.u(e) || e,
            f = b.p(t),
            l = function l(t, e) {
              var i = b.w(n.$u ? Date.UTC(n.$y, e, t) : new Date(n.$y, e, t), n);
              return r ? i : i.endOf(a);
            },
            $ = function $(t, e) {
              return b.w(n.toDate()[t].apply(n.toDate("s"), (r ? [0, 0, 0, 0] : [23, 59, 59, 999]).slice(e)), n);
            },
            y = this.$W,
            M = this.$M,
            m = this.$D,
            v = "set" + (this.$u ? "UTC" : "");
          switch (f) {
            case h:
              return r ? l(1, 0) : l(31, 11);
            case c:
              return r ? l(1, M) : l(0, M + 1);
            case o:
              var g = this.$locale().weekStart || 0,
                D = (y < g ? y + 7 : y) - g;
              return l(r ? m - D : m + (6 - D), M);
            case a:
            case d:
              return $(v + "Hours", 0);
            case u:
              return $(v + "Minutes", 1);
            case s:
              return $(v + "Seconds", 2);
            case i:
              return $(v + "Milliseconds", 3);
            default:
              return this.clone();
          }
        }, m.endOf = function (t) {
          return this.startOf(t, !1);
        }, m.$set = function (t, e) {
          var n,
            o = b.p(t),
            f = "set" + (this.$u ? "UTC" : ""),
            l = (n = {}, n[a] = f + "Date", n[d] = f + "Date", n[c] = f + "Month", n[h] = f + "FullYear", n[u] = f + "Hours", n[s] = f + "Minutes", n[i] = f + "Seconds", n[r] = f + "Milliseconds", n)[o],
            $ = o === a ? this.$D + (e - this.$W) : e;
          if (o === c || o === h) {
            var y = this.clone().set(d, 1);
            y.$d[l]($), y.init(), this.$d = y.set(d, Math.min(this.$D, y.daysInMonth())).$d;
          } else l && this.$d[l]($);
          return this.init(), this;
        }, m.set = function (t, e) {
          return this.clone().$set(t, e);
        }, m.get = function (t) {
          return this[b.p(t)]();
        }, m.add = function (r, f) {
          var d,
            l = this;
          r = Number(r);
          var $ = b.p(f),
            y = function y(t) {
              var e = O(l);
              return b.w(e.date(e.date() + Math.round(t * r)), l);
            };
          if ($ === c) return this.set(c, this.$M + r);
          if ($ === h) return this.set(h, this.$y + r);
          if ($ === a) return y(1);
          if ($ === o) return y(7);
          var M = (d = {}, d[s] = e, d[u] = n, d[i] = t, d)[$] || 1,
            m = this.$d.getTime() + r * M;
          return b.w(m, this);
        }, m.subtract = function (t, e) {
          return this.add(-1 * t, e);
        }, m.format = function (t) {
          var e = this,
            n = this.$locale();
          if (!this.isValid()) return n.invalidDate || l;
          var r = t || "YYYY-MM-DDTHH:mm:ssZ",
            i = b.z(this),
            s = this.$H,
            u = this.$m,
            a = this.$M,
            o = n.weekdays,
            c = n.months,
            f = n.meridiem,
            h = function h(t, n, i, s) {
              return t && (t[n] || t(e, r)) || i[n].slice(0, s);
            },
            d = function d(t) {
              return b.s(s % 12 || 12, t, "0");
            },
            $ = f || function (t, e, n) {
              var r = t < 12 ? "AM" : "PM";
              return n ? r.toLowerCase() : r;
            };
          return r.replace(y, function (t, r) {
            return r || function (t) {
              switch (t) {
                case "YY":
                  return String(e.$y).slice(-2);
                case "YYYY":
                  return b.s(e.$y, 4, "0");
                case "M":
                  return a + 1;
                case "MM":
                  return b.s(a + 1, 2, "0");
                case "MMM":
                  return h(n.monthsShort, a, c, 3);
                case "MMMM":
                  return h(c, a);
                case "D":
                  return e.$D;
                case "DD":
                  return b.s(e.$D, 2, "0");
                case "d":
                  return String(e.$W);
                case "dd":
                  return h(n.weekdaysMin, e.$W, o, 2);
                case "ddd":
                  return h(n.weekdaysShort, e.$W, o, 3);
                case "dddd":
                  return o[e.$W];
                case "H":
                  return String(s);
                case "HH":
                  return b.s(s, 2, "0");
                case "h":
                  return d(1);
                case "hh":
                  return d(2);
                case "a":
                  return $(s, u, !0);
                case "A":
                  return $(s, u, !1);
                case "m":
                  return String(u);
                case "mm":
                  return b.s(u, 2, "0");
                case "s":
                  return String(e.$s);
                case "ss":
                  return b.s(e.$s, 2, "0");
                case "SSS":
                  return b.s(e.$ms, 3, "0");
                case "Z":
                  return i;
              }
              return null;
            }(t) || i.replace(":", "");
          });
        }, m.utcOffset = function () {
          return 15 * -Math.round(this.$d.getTimezoneOffset() / 15);
        }, m.diff = function (r, d, l) {
          var $,
            y = this,
            M = b.p(d),
            m = O(r),
            v = (m.utcOffset() - this.utcOffset()) * e,
            g = this - m,
            D = function D() {
              return b.m(y, m);
            };
          switch (M) {
            case h:
              $ = D() / 12;
              break;
            case c:
              $ = D();
              break;
            case f:
              $ = D() / 3;
              break;
            case o:
              $ = (g - v) / 6048e5;
              break;
            case a:
              $ = (g - v) / 864e5;
              break;
            case u:
              $ = g / n;
              break;
            case s:
              $ = g / e;
              break;
            case i:
              $ = g / t;
              break;
            default:
              $ = g;
          }
          return l ? $ : b.a($);
        }, m.daysInMonth = function () {
          return this.endOf(c).$D;
        }, m.$locale = function () {
          return D[this.$L];
        }, m.locale = function (t, e) {
          if (!t) return this.$L;
          var n = this.clone(),
            r = w(t, e, !0);
          return r && (n.$L = r), n;
        }, m.clone = function () {
          return b.w(this.$d, this);
        }, m.toDate = function () {
          return new Date(this.valueOf());
        }, m.toJSON = function () {
          return this.isValid() ? this.toISOString() : null;
        }, m.toISOString = function () {
          return this.$d.toISOString();
        }, m.toString = function () {
          return this.$d.toUTCString();
        }, M;
      }(),
      k = _.prototype;
    return O.prototype = k, [["$ms", r], ["$s", i], ["$m", s], ["$H", u], ["$W", a], ["$M", c], ["$y", h], ["$D", d]].forEach(function (t) {
      k[t[1]] = function (e) {
        return this.$g(e, t[0], t[1]);
      };
    }), O.extend = function (t, e) {
      return t.$i || (t(e, _, O), t.$i = !0), O;
    }, O.locale = w, O.isDayjs = S, O.unix = function (t) {
      return O(1e3 * t);
    }, O.en = D[g], O.Ls = D, O.p = {}, O;
  });
})(dayjs_min$1);
var dayjs_minExports = dayjs_min$1.exports;
var dayjs_min = /*@__PURE__*/getDefaultExportFromCjs(dayjs_minExports);
module.exports = dayjs_min;
]]></content>
  </sys_module>
</record_update>