<?xml version="1.0" encoding="UTF-8"?><record_update table="sys_db_object">
    <sys_db_object action="INSERT_OR_UPDATE">
        <access/>
        <actions_access>true</actions_access>
        <alter_access>true</alter_access>
        <caller_access/>
        <client_scripts_access>true</client_scripts_access>
        <configuration_access>false</configuration_access>
        <create_access>true</create_access>
        <create_access_controls>false</create_access_controls>
        <delete_access>false</delete_access>
        <is_extendable>false</is_extendable>
        <label>To-Do</label>
        <live_feed_enabled>false</live_feed_enabled>
        <name>x_648117_sdk_to_do</name>
        <number_ref/>
        <provider_class/>
        <read_access>true</read_access>
        <scriptable_table>false</scriptable_table>
        <super_class/>
        <sys_class_name>sys_db_object</sys_class_name>
        <sys_created_by>admin</sys_created_by>
        <sys_created_on>2024-03-14 00:30:48</sys_created_on>
        <sys_id>ffaf9feb47b8021029cb5ac5316d43c1</sys_id>
        <sys_mod_count>0</sys_mod_count>
        <sys_name>Sdk To Do</sys_name>
        <sys_package display_value="SDK Sandbox" source="x_648117_sdk">ddaf132f47b8021029cb5ac5316d4336</sys_package>
        <sys_policy/>
        <sys_scope display_value="SDK Sandbox">ddaf132f47b8021029cb5ac5316d4336</sys_scope>
        <sys_update_name>sys_db_object_ffaf9feb47b8021029cb5ac5316d43c1</sys_update_name>
        <sys_updated_by>admin</sys_updated_by>
        <sys_updated_on>2024-03-14 00:30:48</sys_updated_on>
        <update_access>true</update_access>
        <user_role/>
        <ws_access>true</ws_access>
    </sys_db_object>
</record_update>
