<?xml version="1.0" encoding="UTF-8"?><record_update sys_domain="global" table="sys_script">
    <sys_script action="INSERT_OR_UPDATE">
        <abort_action>false</abort_action>
        <access/>
        <action_delete>false</action_delete>
        <action_insert>false</action_insert>
        <action_query>false</action_query>
        <action_update>true</action_update>
        <active>true</active>
        <add_message>false</add_message>
        <advanced>true</advanced>
        <change_fields>false</change_fields>
        <client_callable>false</client_callable>
        <collection>x_648117_sdk_to_do</collection>
        <condition/>
        <description/>
        <execute_function>false</execute_function>
        <filter_condition/>
        <is_rest>false</is_rest>
        <message/>
        <name>Example BR</name>
        <order>100</order>
        <priority/>
        <rest_method/>
        <rest_method_text/>
        <rest_service/>
        <rest_service_text/>
        <rest_variables/>
        <role_conditions/>
        <script><![CDATA[(function executeRule(current, previous /*null when async*/ ) {
    const {
        showStatusUpdate
    } = require('./src/myfunction.js');
    const {
        getIncidentCount
    } = require('./src/incident.js');
	const {
        isEmail
    } = require('./src/node-package-utils/validator.js');
	const {
        dayOfWeek
    } = require('./src/node-package-utils/date-fns.js');

    showStatusUpdate(current.getValue('status'), previous.getValue('status'));

    let incidentQty = getIncidentCount();
    gs.addInfoMessage("Total number of incidents: " + incidentQty);

	let testEmail = current.user.email.toString();
	gs.addInfoMessage("User email: " + testEmail + ", is valid: " + isEmail(testEmail));

	gs.addInfoMessage("Day of week: " + dayOfWeek());

})(current, previous);]]></script>
        <sys_class_name>sys_script</sys_class_name>
        <sys_created_by>admin</sys_created_by>
        <sys_created_on>2024-03-14 00:30:49</sys_created_on>
        <sys_domain>global</sys_domain>
        <sys_domain_path>/</sys_domain_path>
        <sys_id>qfe5a80407544f65bae356b67fc857f4</sys_id>
        <sys_mod_count>17</sys_mod_count>
        <sys_name>Example BR</sys_name>
        <sys_overrides/>
        <sys_package display_value="SDK Sandbox" source="x_648117_sdk">ddaf132f47b8021029cb5ac5316d4336</sys_package>
        <sys_policy/>
        <sys_scope display_value="SDK Sandbox">ddaf132f47b8021029cb5ac5316d4336</sys_scope>
        <sys_update_name>sys_script_qfe5a80407544f65bae356b67fc857f4</sys_update_name>
        <sys_updated_by>admin</sys_updated_by>
        <sys_updated_on>2024-03-19 19:14:49</sys_updated_on>
        <template/>
        <when>after</when>
    </sys_script>
    <sys_translated_text action="delete_multiple" query="documentkey=qfe5a80407544f65bae356b67fc857f4"/>
</record_update>
