<?xml version="1.0" encoding="UTF-8"?><record_update>
    <sys_documentation element="user" label="User" language="en" table="x_648117_sdk_to_do">
        <sys_documentation action="INSERT_OR_UPDATE">
            <element>user</element>
            <help/>
            <hint/>
            <label>User</label>
            <language>en</language>
            <name>x_648117_sdk_to_do</name>
            <plural>Users</plural>
            <sys_class_name>sys_documentation</sys_class_name>
            <sys_created_by>admin</sys_created_by>
            <sys_created_on>2024-03-14 17:29:15</sys_created_on>
            <sys_id>eac84b7f47fc421029cb5ac5316d4369</sys_id>
            <sys_mod_count>0</sys_mod_count>
            <sys_name>User</sys_name>
            <sys_package display_value="SDK Sandbox" source="x_648117_sdk">ddaf132f47b8021029cb5ac5316d4336</sys_package>
            <sys_policy/>
            <sys_scope display_value="SDK Sandbox">ddaf132f47b8021029cb5ac5316d4336</sys_scope>
            <sys_update_name>sys_documentation_x_648117_sdk_to_do_user_en</sys_update_name>
            <sys_updated_by>admin</sys_updated_by>
            <sys_updated_on>2024-03-14 17:29:15</sys_updated_on>
            <url/>
            <url_target/>
        </sys_documentation>
    </sys_documentation>
</record_update>
